id	nome	gen	generoTaxa(-1=sem,0=macho,8=femea)	captura	felicidade	curvaXP	gruposOvo	ciclosOvo	flags	evoluiDe	cadeia	formasAlternativas
1	bulbasaur	1	1	45	70	medium-slow	monster/plant	20	-	-	1	-
2	ivysaur	1	1	45	70	medium-slow	monster/plant	20	-	bulbasaur	1	-
3	venusaur	1	1	45	70	medium-slow	monster/plant	20	troca-forma dimorfismo	ivysaur	1	venusaur-mega venusaur-gmax
4	charmander	1	1	45	70	medium-slow	monster/dragon	20	-	-	2	-
5	charmeleon	1	1	45	70	medium-slow	monster/dragon	20	-	charmander	2	-
6	charizard	1	1	45	70	medium-slow	monster/dragon	20	troca-forma	charmeleon	2	charizard-mega-x charizard-mega-y charizard-gmax
7	squirtle	1	1	45	70	medium-slow	monster/water1	20	-	-	3	-
8	wartortle	1	1	45	70	medium-slow	monster/water1	20	-	squirtle	3	-
9	blastoise	1	1	45	70	medium-slow	monster/water1	20	troca-forma	wartortle	3	blastoise-mega blastoise-gmax
10	caterpie	1	4	255	70	medium	bug	15	-	-	4	-
11	metapod	1	4	120	70	medium	bug	15	-	caterpie	4	-
12	butterfree	1	4	45	70	medium	bug	15	dimorfismo	metapod	4	butterfree-gmax
13	weedle	1	4	255	70	medium	bug	15	-	-	5	-
14	kakuna	1	4	120	70	medium	bug	15	-	weedle	5	-
15	beedrill	1	4	45	70	medium	bug	15	troca-forma	kakuna	5	beedrill-mega
16	pidgey	1	4	255	70	medium-slow	flying	15	-	-	6	-
17	pidgeotto	1	4	120	70	medium-slow	flying	15	-	pidgey	6	-
18	pidgeot	1	4	45	70	medium-slow	flying	15	troca-forma	pidgeotto	6	pidgeot-mega
19	rattata	1	4	255	70	medium	ground	15	dimorfismo	-	7	rattata-alola
20	raticate	1	4	127	70	medium	ground	15	dimorfismo	rattata	7	raticate-alola raticate-totem-alola
21	spearow	1	4	255	70	medium	flying	15	-	-	8	-
22	fearow	1	4	90	70	medium	flying	15	-	spearow	8	-
23	ekans	1	4	255	70	medium	ground/dragon	20	-	-	9	-
24	arbok	1	4	90	70	medium	ground/dragon	20	-	ekans	9	-
25	pikachu	1	4	190	70	medium	ground/fairy	10	dimorfismo	pichu	10	pikachu-rock-star pikachu-belle pikachu-pop-star pikachu-phd pikachu-libre pikachu-cosplay pikachu-original-cap pikachu-hoenn-cap pikachu-sinnoh-cap pikachu-unova-cap pikachu-kalos-cap pikachu-alola-cap pikachu-partner-cap pikachu-starter pikachu-world-cap pikachu-gmax
26	raichu	1	4	75	70	medium	ground/fairy	10	dimorfismo	pikachu	10	raichu-alola raichu-mega-x raichu-mega-y
27	sandshrew	1	4	255	70	medium	ground	20	-	-	11	sandshrew-alola
28	sandslash	1	4	90	70	medium	ground	20	-	sandshrew	11	sandslash-alola
29	nidoran-f	1	8	235	70	medium-slow	monster/ground	20	-	-	12	-
30	nidorina	1	8	120	70	medium-slow	no-eggs	20	-	nidoran-f	12	-
31	nidoqueen	1	8	45	70	medium-slow	no-eggs	20	-	nidorina	12	-
32	nidoran-m	1	0	235	70	medium-slow	monster/ground	20	-	-	13	-
33	nidorino	1	0	120	70	medium-slow	monster/ground	20	-	nidoran-m	13	-
34	nidoking	1	0	45	70	medium-slow	monster/ground	20	-	nidorino	13	-
35	clefairy	1	6	150	140	fast	fairy	10	-	cleffa	14	-
36	clefable	1	6	25	140	fast	fairy	10	-	clefairy	14	clefable-mega
37	vulpix	1	6	190	70	medium	ground	20	-	-	15	vulpix-alola
38	ninetales	1	6	75	70	medium	ground	20	-	vulpix	15	ninetales-alola
39	jigglypuff	1	6	170	70	fast	fairy	10	-	igglybuff	16	-
40	wigglytuff	1	6	50	70	fast	fairy	10	-	jigglypuff	16	-
41	zubat	1	4	255	70	medium	flying	15	dimorfismo	-	17	-
42	golbat	1	4	90	70	medium	flying	15	dimorfismo	zubat	17	-
43	oddish	1	4	255	70	medium-slow	plant	20	-	-	18	-
44	gloom	1	4	120	70	medium-slow	plant	20	dimorfismo	oddish	18	-
45	vileplume	1	4	45	70	medium-slow	plant	20	dimorfismo	gloom	18	-
46	paras	1	4	190	70	medium	bug/plant	20	-	-	19	-
47	parasect	1	4	75	70	medium	bug/plant	20	-	paras	19	-
48	venonat	1	4	190	70	medium	bug	20	-	-	20	-
49	venomoth	1	4	75	70	medium	bug	20	-	venonat	20	-
50	diglett	1	4	255	70	medium	ground	20	-	-	21	diglett-alola
51	dugtrio	1	4	50	70	medium	ground	20	-	diglett	21	dugtrio-alola
52	meowth	1	4	255	70	medium	ground	20	-	-	22	meowth-alola meowth-galar meowth-gmax
53	persian	1	4	90	70	medium	ground	20	-	meowth	22	persian-alola
54	psyduck	1	4	190	70	medium	water1/ground	20	-	-	23	-
55	golduck	1	4	75	70	medium	water1/ground	20	-	psyduck	23	-
56	mankey	1	4	190	70	medium	ground	20	-	-	24	-
57	primeape	1	4	75	70	medium	ground	20	-	mankey	24	-
58	growlithe	1	2	190	70	slow	ground	20	-	-	25	growlithe-hisui
59	arcanine	1	2	75	70	slow	ground	20	-	growlithe	25	arcanine-hisui
60	poliwag	1	4	255	70	medium-slow	water1	20	-	-	26	-
61	poliwhirl	1	4	120	70	medium-slow	water1	20	-	poliwag	26	-
62	poliwrath	1	4	45	70	medium-slow	water1	20	-	poliwhirl	26	-
63	abra	1	2	200	70	medium-slow	humanshape	20	-	-	27	-
64	kadabra	1	2	100	70	medium-slow	humanshape	20	dimorfismo	abra	27	-
65	alakazam	1	2	50	70	medium-slow	humanshape	20	troca-forma dimorfismo	kadabra	27	alakazam-mega
66	machop	1	2	180	70	medium-slow	humanshape	20	-	-	28	-
67	machoke	1	2	90	70	medium-slow	humanshape	20	-	machop	28	-
68	machamp	1	2	45	70	medium-slow	humanshape	20	-	machoke	28	machamp-gmax
69	bellsprout	1	4	255	70	medium-slow	plant	20	-	-	29	-
70	weepinbell	1	4	120	70	medium-slow	plant	20	-	bellsprout	29	-
71	victreebel	1	4	45	70	medium-slow	plant	20	-	weepinbell	29	victreebel-mega
72	tentacool	1	4	190	70	slow	water3	20	-	-	30	-
73	tentacruel	1	4	60	70	slow	water3	20	-	tentacool	30	-
74	geodude	1	4	255	70	medium-slow	mineral	15	-	-	31	geodude-alola
75	graveler	1	4	120	70	medium-slow	mineral	15	-	geodude	31	graveler-alola
76	golem	1	4	45	70	medium-slow	mineral	15	-	graveler	31	golem-alola
77	ponyta	1	4	190	70	medium	ground	20	-	-	32	ponyta-galar
78	rapidash	1	4	60	70	medium	ground	20	-	ponyta	32	rapidash-galar
79	slowpoke	1	4	190	70	medium	monster/water1	20	-	-	33	slowpoke-galar
80	slowbro	1	4	75	70	medium	monster/water1	20	troca-forma	slowpoke	33	slowbro-mega slowbro-galar
81	magnemite	1	-1	190	70	medium	mineral	20	-	-	34	-
82	magneton	1	-1	60	70	medium	mineral	20	-	magnemite	34	-
83	farfetchd	1	4	45	70	medium	flying/ground	20	-	-	35	farfetchd-galar
84	doduo	1	4	190	70	medium	flying	20	dimorfismo	-	36	-
85	dodrio	1	4	45	70	medium	flying	20	dimorfismo	doduo	36	-
86	seel	1	4	190	70	medium	water1/ground	20	-	-	37	-
87	dewgong	1	4	75	70	medium	water1/ground	20	-	seel	37	-
88	grimer	1	4	190	70	medium	indeterminate	20	-	-	38	grimer-alola
89	muk	1	4	75	70	medium	indeterminate	20	-	grimer	38	muk-alola
90	shellder	1	4	190	70	slow	water3	20	-	-	39	-
91	cloyster	1	4	60	70	slow	water3	20	-	shellder	39	-
92	gastly	1	4	190	70	medium-slow	indeterminate	20	-	-	40	-
93	haunter	1	4	90	70	medium-slow	indeterminate	20	-	gastly	40	-
94	gengar	1	4	45	70	medium-slow	indeterminate	20	troca-forma	haunter	40	gengar-mega gengar-gmax
95	onix	1	4	45	70	medium	mineral	25	-	-	41	-
96	drowzee	1	4	190	70	medium	humanshape	20	-	-	42	-
97	hypno	1	4	75	70	medium	humanshape	20	dimorfismo	drowzee	42	-
98	krabby	1	4	225	70	medium	water3	20	-	-	43	-
99	kingler	1	4	60	70	medium	water3	20	-	krabby	43	kingler-gmax
100	voltorb	1	-1	190	70	medium	mineral	20	-	-	44	voltorb-hisui
101	electrode	1	-1	60	70	medium	mineral	20	-	voltorb	44	electrode-hisui
102	exeggcute	1	4	90	70	slow	plant	20	-	-	45	-
103	exeggutor	1	4	45	70	slow	plant	20	-	exeggcute	45	exeggutor-alola
104	cubone	1	4	190	70	medium	monster	20	-	-	46	-
105	marowak	1	4	75	70	medium	monster	20	-	cubone	46	marowak-alola marowak-totem
106	hitmonlee	1	0	45	70	medium	humanshape	25	-	tyrogue	47	-
107	hitmonchan	1	0	45	70	medium	humanshape	25	-	tyrogue	47	-
108	lickitung	1	4	45	70	medium	monster	20	-	-	48	-
109	koffing	1	4	190	70	medium	indeterminate	20	-	-	49	-
110	weezing	1	4	60	70	medium	indeterminate	20	-	koffing	49	weezing-galar
111	rhyhorn	1	4	120	70	slow	monster/ground	20	dimorfismo	-	50	-
112	rhydon	1	4	60	70	slow	monster/ground	20	dimorfismo	rhyhorn	50	-
113	chansey	1	8	30	140	fast	fairy	40	-	happiny	51	-
114	tangela	1	4	45	70	medium	plant	20	-	-	52	-
115	kangaskhan	1	8	45	70	medium	monster	20	troca-forma	-	53	kangaskhan-mega
116	horsea	1	4	225	70	medium	water1/dragon	20	-	-	54	-
117	seadra	1	4	75	70	medium	water1/dragon	20	-	horsea	54	-
118	goldeen	1	4	225	70	medium	water2	20	dimorfismo	-	55	-
119	seaking	1	4	60	70	medium	water2	20	dimorfismo	goldeen	55	-
120	staryu	1	-1	225	70	slow	water3	20	-	-	56	-
121	starmie	1	-1	60	70	slow	water3	20	-	staryu	56	starmie-mega
122	mr-mime	1	4	45	70	medium	humanshape	25	-	mime-jr	57	mr-mime-galar
123	scyther	1	4	45	70	medium	bug	25	dimorfismo	-	58	-
124	jynx	1	8	45	70	medium	humanshape	25	-	smoochum	59	-
125	electabuzz	1	2	45	70	medium	humanshape	25	-	elekid	60	-
126	magmar	1	2	45	70	medium	humanshape	25	-	magby	61	-
127	pinsir	1	4	45	70	slow	bug	25	troca-forma	-	62	pinsir-mega
128	tauros	1	0	45	70	slow	ground	20	-	-	63	tauros-paldea-combat-breed tauros-paldea-blaze-breed tauros-paldea-aqua-breed
129	magikarp	1	4	255	70	slow	water2/dragon	5	dimorfismo	-	64	-
130	gyarados	1	4	45	70	slow	water2/dragon	5	troca-forma dimorfismo	magikarp	64	gyarados-mega
131	lapras	1	4	45	70	slow	monster/water1	40	-	-	65	lapras-gmax
132	ditto	1	-1	35	70	medium	ditto	20	-	-	66	-
133	eevee	1	1	45	70	medium	ground	35	dimorfismo	-	67	eevee-starter eevee-gmax
134	vaporeon	1	1	45	70	medium	ground	35	-	eevee	67	-
135	jolteon	1	1	45	70	medium	ground	35	-	eevee	67	-
136	flareon	1	1	45	70	medium	ground	35	-	eevee	67	-
137	porygon	1	-1	45	70	medium	mineral	20	-	-	68	-
138	omanyte	1	1	45	70	medium	water1/water3	30	-	-	69	-
139	omastar	1	1	45	70	medium	water1/water3	30	-	omanyte	69	-
140	kabuto	1	1	45	70	medium	water1/water3	30	-	-	70	-
141	kabutops	1	1	45	70	medium	water1/water3	30	-	kabuto	70	-
142	aerodactyl	1	1	45	70	slow	flying	35	troca-forma	-	71	aerodactyl-mega
143	snorlax	1	1	25	70	slow	monster	40	-	munchlax	72	snorlax-gmax
144	articuno	1	-1	3	35	slow	no-eggs	80	lendario	-	73	articuno-galar
145	zapdos	1	-1	3	35	slow	no-eggs	80	lendario	-	74	zapdos-galar
146	moltres	1	-1	3	35	slow	no-eggs	80	lendario	-	75	moltres-galar
147	dratini	1	4	45	35	slow	water1/dragon	40	-	-	76	-
148	dragonair	1	4	45	35	slow	water1/dragon	40	-	dratini	76	-
149	dragonite	1	4	45	35	slow	water1/dragon	40	-	dragonair	76	dragonite-mega
150	mewtwo	1	-1	3	0	slow	no-eggs	120	lendario troca-forma	-	77	mewtwo-mega-x mewtwo-mega-y
151	mew	1	-1	45	100	medium-slow	no-eggs	120	mitico	-	78	-
152	chikorita	2	1	45	70	medium-slow	monster/plant	20	-	-	79	-
153	bayleef	2	1	45	70	medium-slow	monster/plant	20	-	chikorita	79	-
154	meganium	2	1	45	70	medium-slow	monster/plant	20	dimorfismo	bayleef	79	meganium-mega
155	cyndaquil	2	1	45	70	medium-slow	ground	20	-	-	80	-
156	quilava	2	1	45	70	medium-slow	ground	20	-	cyndaquil	80	-
157	typhlosion	2	1	45	70	medium-slow	ground	20	-	quilava	80	typhlosion-hisui
158	totodile	2	1	45	70	medium-slow	monster/water1	20	-	-	81	-
159	croconaw	2	1	45	70	medium-slow	monster/water1	20	-	totodile	81	-
160	feraligatr	2	1	45	70	medium-slow	monster/water1	20	-	croconaw	81	feraligatr-mega
161	sentret	2	4	255	70	medium	ground	15	-	-	82	-
162	furret	2	4	90	70	medium	ground	15	-	sentret	82	-
163	hoothoot	2	4	255	70	medium	flying	15	-	-	83	-
164	noctowl	2	4	90	70	medium	flying	15	-	hoothoot	83	-
165	ledyba	2	4	255	70	fast	bug	15	dimorfismo	-	84	-
166	ledian	2	4	90	70	fast	bug	15	dimorfismo	ledyba	84	-
167	spinarak	2	4	255	70	fast	bug	15	-	-	85	-
168	ariados	2	4	90	70	fast	bug	15	-	spinarak	85	-
169	crobat	2	4	90	70	medium	flying	15	-	golbat	17	-
170	chinchou	2	4	190	70	slow	water2	20	-	-	86	-
171	lanturn	2	4	75	70	slow	water2	20	-	chinchou	86	-
172	pichu	2	4	190	70	medium	no-eggs	10	bebe	-	10	-
173	cleffa	2	6	150	140	fast	no-eggs	10	bebe	-	14	-
174	igglybuff	2	6	170	70	fast	no-eggs	10	bebe	-	16	-
175	togepi	2	1	190	70	fast	no-eggs	10	bebe	-	87	-
176	togetic	2	1	75	70	fast	flying/fairy	10	-	togepi	87	-
177	natu	2	4	190	70	medium	flying	20	-	-	88	-
178	xatu	2	4	75	70	medium	flying	20	dimorfismo	natu	88	-
179	mareep	2	4	235	70	medium-slow	monster/ground	20	-	-	89	-
180	flaaffy	2	4	120	70	medium-slow	monster/ground	20	-	mareep	89	-
181	ampharos	2	4	45	70	medium-slow	monster/ground	20	troca-forma	flaaffy	89	ampharos-mega
182	bellossom	2	4	45	70	medium-slow	plant	20	-	gloom	18	-
183	marill	2	4	190	70	fast	water1/fairy	10	-	azurill	90	-
184	azumarill	2	4	75	70	fast	water1/fairy	10	-	marill	90	-
185	sudowoodo	2	4	65	70	medium	mineral	20	dimorfismo	bonsly	91	-
186	politoed	2	4	45	70	medium-slow	water1	20	dimorfismo	poliwhirl	26	-
187	hoppip	2	4	255	70	medium-slow	fairy/plant	20	-	-	92	-
188	skiploom	2	4	120	70	medium-slow	fairy/plant	20	-	hoppip	92	-
189	jumpluff	2	4	45	70	medium-slow	fairy/plant	20	-	skiploom	92	-
190	aipom	2	4	45	70	fast	ground	20	dimorfismo	-	93	-
191	sunkern	2	4	235	70	medium-slow	plant	20	-	-	94	-
192	sunflora	2	4	120	70	medium-slow	plant	20	-	sunkern	94	-
193	yanma	2	4	75	70	medium	bug	20	-	-	95	-
194	wooper	2	4	255	70	medium	water1/ground	20	dimorfismo	-	96	wooper-paldea
195	quagsire	2	4	90	70	medium	water1/ground	20	dimorfismo	wooper	96	-
196	espeon	2	1	45	70	medium	ground	35	-	eevee	67	-
197	umbreon	2	1	45	35	medium	ground	35	-	eevee	67	-
198	murkrow	2	4	30	35	medium-slow	flying	20	dimorfismo	-	97	-
199	slowking	2	4	70	70	medium	monster/water1	20	-	slowpoke	33	slowking-galar
200	misdreavus	2	4	45	35	fast	indeterminate	25	-	-	98	-
201	unown	2	-1	225	70	medium	no-eggs	40	-	-	99	-
202	wobbuffet	2	4	45	70	medium	indeterminate	20	dimorfismo	wynaut	100	-
203	girafarig	2	4	60	70	medium	ground	20	dimorfismo	-	101	-
204	pineco	2	4	190	70	medium	bug	20	-	-	102	-
205	forretress	2	4	75	70	medium	bug	20	-	pineco	102	-
206	dunsparce	2	4	190	70	medium	ground	20	-	-	103	-
207	gligar	2	4	60	70	medium-slow	bug	20	dimorfismo	-	104	-
208	steelix	2	4	25	70	medium	mineral	25	troca-forma dimorfismo	onix	41	steelix-mega
209	snubbull	2	6	190	70	fast	ground/fairy	20	-	-	105	-
210	granbull	2	6	75	70	fast	ground/fairy	20	-	snubbull	105	-
211	qwilfish	2	4	45	70	medium	water2	20	-	-	106	qwilfish-hisui
212	scizor	2	4	25	70	medium	bug	25	troca-forma dimorfismo	scyther	58	scizor-mega
213	shuckle	2	4	190	70	medium-slow	bug	20	-	-	107	-
214	heracross	2	4	45	70	slow	bug	25	troca-forma dimorfismo	-	108	heracross-mega
215	sneasel	2	4	60	35	medium-slow	ground	20	dimorfismo	-	109	sneasel-hisui
216	teddiursa	2	4	120	70	medium	ground	20	-	-	110	-
217	ursaring	2	4	60	70	medium	ground	20	dimorfismo	teddiursa	110	-
218	slugma	2	4	190	70	medium	indeterminate	20	-	-	111	-
219	magcargo	2	4	75	70	medium	indeterminate	20	-	slugma	111	-
220	swinub	2	4	225	70	slow	ground	20	-	-	112	-
221	piloswine	2	4	75	70	slow	ground	20	dimorfismo	swinub	112	-
222	corsola	2	6	60	70	fast	water1/water3	20	-	-	113	corsola-galar
223	remoraid	2	4	190	70	medium	water1/water2	20	-	-	114	-
224	octillery	2	4	75	70	medium	water1/water2	20	dimorfismo	remoraid	114	-
225	delibird	2	4	45	70	fast	water1/ground	20	-	-	115	-
226	mantine	2	4	25	70	slow	water1	25	-	mantyke	116	-
227	skarmory	2	4	25	70	slow	flying	25	-	-	117	skarmory-mega
228	houndour	2	4	120	35	slow	ground	20	-	-	118	-
229	houndoom	2	4	45	35	slow	ground	20	troca-forma dimorfismo	houndour	118	houndoom-mega
230	kingdra	2	4	45	70	medium	water1/dragon	20	-	seadra	54	-
231	phanpy	2	4	120	70	medium	ground	20	-	-	119	-
232	donphan	2	4	60	70	medium	ground	20	dimorfismo	phanpy	119	-
233	porygon2	2	-1	45	70	medium	mineral	20	-	porygon	68	-
234	stantler	2	4	45	70	slow	ground	20	-	-	120	-
235	smeargle	2	4	45	70	fast	ground	20	-	-	121	-
236	tyrogue	2	0	75	70	medium	no-eggs	25	bebe	-	47	-
237	hitmontop	2	0	45	70	medium	humanshape	25	-	tyrogue	47	-
238	smoochum	2	8	45	70	medium	no-eggs	25	bebe	-	59	-
239	elekid	2	2	45	70	medium	no-eggs	25	bebe	-	60	-
240	magby	2	2	45	70	medium	no-eggs	25	bebe	-	61	-
241	miltank	2	8	45	70	slow	ground	20	-	-	122	-
242	blissey	2	8	30	140	fast	fairy	40	-	chansey	51	-
243	raikou	2	-1	3	35	slow	no-eggs	80	lendario	-	123	-
244	entei	2	-1	3	35	slow	no-eggs	80	lendario	-	124	-
245	suicune	2	-1	3	35	slow	no-eggs	80	lendario	-	125	-
246	larvitar	2	4	45	35	slow	monster	40	-	-	126	-
247	pupitar	2	4	45	35	slow	monster	40	-	larvitar	126	-
248	tyranitar	2	4	45	35	slow	monster	40	troca-forma	pupitar	126	tyranitar-mega
249	lugia	2	-1	3	0	slow	no-eggs	120	lendario	-	127	-
250	ho-oh	2	-1	3	0	slow	no-eggs	120	lendario	-	128	-
251	celebi	2	-1	45	100	medium-slow	no-eggs	120	mitico	-	129	-
252	treecko	3	1	45	70	medium-slow	monster/dragon	20	-	-	130	-
253	grovyle	3	1	45	70	medium-slow	monster/dragon	20	-	treecko	130	-
254	sceptile	3	1	45	70	medium-slow	monster/dragon	20	troca-forma	grovyle	130	sceptile-mega
255	torchic	3	1	45	70	medium-slow	ground	20	dimorfismo	-	131	-
256	combusken	3	1	45	70	medium-slow	ground	20	dimorfismo	torchic	131	-
257	blaziken	3	1	45	70	medium-slow	ground	20	troca-forma dimorfismo	combusken	131	blaziken-mega
258	mudkip	3	1	45	70	medium-slow	monster/water1	20	-	-	132	-
259	marshtomp	3	1	45	70	medium-slow	monster/water1	20	-	mudkip	132	-
260	swampert	3	1	45	70	medium-slow	monster/water1	20	troca-forma	marshtomp	132	swampert-mega
261	poochyena	3	4	255	70	medium	ground	15	-	-	133	-
262	mightyena	3	4	127	70	medium	ground	15	-	poochyena	133	-
263	zigzagoon	3	4	255	70	medium	ground	15	-	-	134	zigzagoon-galar
264	linoone	3	4	90	70	medium	ground	15	-	zigzagoon	134	linoone-galar
265	wurmple	3	4	255	70	medium	bug	15	-	-	135	-
266	silcoon	3	4	120	70	medium	bug	15	-	wurmple	135	-
267	beautifly	3	4	45	70	medium	bug	15	dimorfismo	silcoon	135	-
268	cascoon	3	4	120	70	medium	bug	15	-	wurmple	135	-
269	dustox	3	4	45	70	medium	bug	15	dimorfismo	cascoon	135	-
270	lotad	3	4	255	70	medium-slow	water1/plant	15	-	-	136	-
271	lombre	3	4	120	70	medium-slow	water1/plant	15	-	lotad	136	-
272	ludicolo	3	4	45	70	medium-slow	water1/plant	15	dimorfismo	lombre	136	-
273	seedot	3	4	255	70	medium-slow	ground/plant	15	-	-	137	-
274	nuzleaf	3	4	120	70	medium-slow	ground/plant	15	dimorfismo	seedot	137	-
275	shiftry	3	4	45	70	medium-slow	ground/plant	15	dimorfismo	nuzleaf	137	-
276	taillow	3	4	200	70	medium-slow	flying	15	-	-	138	-
277	swellow	3	4	45	70	medium-slow	flying	15	-	taillow	138	-
278	wingull	3	4	190	70	medium	water1/flying	20	-	-	139	-
279	pelipper	3	4	45	70	medium	water1/flying	20	-	wingull	139	-
280	ralts	3	4	235	35	slow	humanshape/indeterminate	20	-	-	140	-
281	kirlia	3	4	120	35	slow	humanshape/indeterminate	20	-	ralts	140	-
282	gardevoir	3	4	45	35	slow	humanshape/indeterminate	20	troca-forma	kirlia	140	gardevoir-mega
283	surskit	3	4	200	70	medium	water1/bug	15	-	-	141	-
284	masquerain	3	4	75	70	medium	water1/bug	15	-	surskit	141	-
285	shroomish	3	4	255	70	fast-then-very-slow	fairy/plant	15	-	-	142	-
286	breloom	3	4	90	70	fast-then-very-slow	fairy/plant	15	-	shroomish	142	-
287	slakoth	3	4	255	70	slow	ground	15	-	-	143	-
288	vigoroth	3	4	120	70	slow	ground	15	-	slakoth	143	-
289	slaking	3	4	45	70	slow	ground	15	-	vigoroth	143	-
290	nincada	3	4	255	70	slow-then-very-fast	bug	15	-	-	144	-
291	ninjask	3	4	120	70	slow-then-very-fast	bug	15	-	nincada	144	-
292	shedinja	3	-1	45	70	slow-then-very-fast	mineral	15	-	nincada	144	-
293	whismur	3	4	190	70	medium-slow	monster/ground	20	-	-	145	-
294	loudred	3	4	120	70	medium-slow	monster/ground	20	-	whismur	145	-
295	exploud	3	4	45	70	medium-slow	monster/ground	20	-	loudred	145	-
296	makuhita	3	2	180	70	fast-then-very-slow	humanshape	20	-	-	146	-
297	hariyama	3	2	200	70	fast-then-very-slow	humanshape	20	-	makuhita	146	-
298	azurill	3	6	150	70	fast	no-eggs	10	bebe	-	90	-
299	nosepass	3	4	255	70	medium	mineral	20	-	-	147	-
300	skitty	3	6	255	70	fast	ground/fairy	15	-	-	148	-
301	delcatty	3	6	60	70	fast	ground/fairy	15	-	skitty	148	-
302	sableye	3	4	45	35	medium-slow	humanshape	25	troca-forma	-	149	sableye-mega
303	mawile	3	4	45	70	fast	ground/fairy	20	troca-forma	-	150	mawile-mega
304	aron	3	4	180	35	slow	monster	35	-	-	151	-
305	lairon	3	4	90	35	slow	monster	35	-	aron	151	-
306	aggron	3	4	45	35	slow	monster	35	troca-forma	lairon	151	aggron-mega
307	meditite	3	4	180	70	medium	humanshape	20	dimorfismo	-	152	-
308	medicham	3	4	90	70	medium	humanshape	20	troca-forma dimorfismo	meditite	152	medicham-mega
309	electrike	3	4	120	70	slow	ground	20	-	-	153	-
310	manectric	3	4	45	70	slow	ground	20	troca-forma	electrike	153	manectric-mega
311	plusle	3	4	200	70	medium	fairy	20	-	-	154	-
312	minun	3	4	200	70	medium	fairy	20	-	-	155	-
313	volbeat	3	0	150	70	slow-then-very-fast	bug/humanshape	15	-	-	156	-
314	illumise	3	8	150	70	fast-then-very-slow	bug/humanshape	15	-	-	157	-
315	roselia	3	4	150	70	medium-slow	fairy/plant	20	dimorfismo	budew	158	-
316	gulpin	3	4	225	70	fast-then-very-slow	indeterminate	20	dimorfismo	-	159	-
317	swalot	3	4	75	70	fast-then-very-slow	indeterminate	20	dimorfismo	gulpin	159	-
318	carvanha	3	4	225	35	slow	water2	20	-	-	160	-
319	sharpedo	3	4	60	35	slow	water2	20	troca-forma	carvanha	160	sharpedo-mega
320	wailmer	3	4	125	70	fast-then-very-slow	ground/water2	40	-	-	161	-
321	wailord	3	4	60	70	fast-then-very-slow	ground/water2	40	-	wailmer	161	-
322	numel	3	4	255	70	medium	ground	20	dimorfismo	-	162	-
323	camerupt	3	4	150	70	medium	ground	20	troca-forma dimorfismo	numel	162	camerupt-mega
324	torkoal	3	4	90	70	medium	ground	20	-	-	163	-
325	spoink	3	4	255	70	fast	ground	20	-	-	164	-
326	grumpig	3	4	60	70	fast	ground	20	-	spoink	164	-
327	spinda	3	4	255	70	fast	ground/humanshape	15	-	-	165	-
328	trapinch	3	4	255	70	medium-slow	bug/dragon	20	-	-	166	-
329	vibrava	3	4	120	70	medium-slow	bug/dragon	20	-	trapinch	166	-
330	flygon	3	4	45	70	medium-slow	bug/dragon	20	-	vibrava	166	-
331	cacnea	3	4	190	35	medium-slow	plant/humanshape	20	-	-	167	-
332	cacturne	3	4	60	35	medium-slow	plant/humanshape	20	dimorfismo	cacnea	167	-
333	swablu	3	4	255	70	slow-then-very-fast	flying/dragon	20	-	-	168	-
334	altaria	3	4	45	70	slow-then-very-fast	flying/dragon	20	troca-forma	swablu	168	altaria-mega
335	zangoose	3	4	90	70	slow-then-very-fast	ground	20	-	-	169	-
336	seviper	3	4	90	70	fast-then-very-slow	ground/dragon	20	-	-	170	-
337	lunatone	3	-1	45	70	fast	mineral	25	-	-	171	-
338	solrock	3	-1	45	70	fast	mineral	25	-	-	172	-
339	barboach	3	4	190	70	medium	water2	20	-	-	173	-
340	whiscash	3	4	75	70	medium	water2	20	-	barboach	173	-
341	corphish	3	4	205	70	fast-then-very-slow	water1/water3	15	-	-	174	-
342	crawdaunt	3	4	155	70	fast-then-very-slow	water1/water3	15	-	corphish	174	-
343	baltoy	3	-1	255	70	medium	mineral	20	-	-	175	-
344	claydol	3	-1	90	70	medium	mineral	20	-	baltoy	175	-
345	lileep	3	1	45	70	slow-then-very-fast	water3	30	-	-	176	-
346	cradily	3	1	45	70	slow-then-very-fast	water3	30	-	lileep	176	-
347	anorith	3	1	45	70	slow-then-very-fast	water3	30	-	-	177	-
348	armaldo	3	1	45	70	slow-then-very-fast	water3	30	-	anorith	177	-
349	feebas	3	4	255	70	slow-then-very-fast	water1/dragon	20	-	-	178	-
350	milotic	3	4	60	70	slow-then-very-fast	water1/dragon	20	dimorfismo	feebas	178	-
351	castform	3	4	45	70	medium	fairy/indeterminate	25	troca-forma	-	179	castform-sunny castform-rainy castform-snowy
352	kecleon	3	4	200	70	medium-slow	ground	20	-	-	180	-
353	shuppet	3	4	225	35	fast	indeterminate	25	-	-	181	-
354	banette	3	4	45	35	fast	indeterminate	25	troca-forma	shuppet	181	banette-mega
355	duskull	3	4	190	35	fast	indeterminate	25	-	-	182	-
356	dusclops	3	4	90	35	fast	indeterminate	25	-	duskull	182	-
357	tropius	3	4	200	70	slow	monster/plant	25	-	-	183	-
358	chimecho	3	4	45	70	fast	indeterminate	25	-	chingling	184	chimecho-mega
359	absol	3	4	30	35	medium-slow	ground	25	troca-forma	-	185	absol-mega absol-mega-z
360	wynaut	3	4	125	70	medium	no-eggs	20	bebe	-	100	-
361	snorunt	3	4	190	70	medium	fairy/mineral	20	-	-	186	-
362	glalie	3	4	75	70	medium	fairy/mineral	20	troca-forma	snorunt	186	glalie-mega
363	spheal	3	4	255	70	medium-slow	water1/ground	20	-	-	187	-
364	sealeo	3	4	120	70	medium-slow	water1/ground	20	-	spheal	187	-
365	walrein	3	4	45	70	medium-slow	water1/ground	20	-	sealeo	187	-
366	clamperl	3	4	255	70	slow-then-very-fast	water1	20	-	-	188	-
367	huntail	3	4	60	70	slow-then-very-fast	water1	20	-	clamperl	188	-
368	gorebyss	3	4	60	70	slow-then-very-fast	water1	20	-	clamperl	188	-
369	relicanth	3	1	25	70	slow	water1/water2	40	dimorfismo	-	189	-
370	luvdisc	3	6	225	70	fast	water2	20	-	-	190	-
371	bagon	3	4	45	35	slow	dragon	40	-	-	191	-
372	shelgon	3	4	45	35	slow	dragon	40	-	bagon	191	-
373	salamence	3	4	45	35	slow	dragon	40	troca-forma	shelgon	191	salamence-mega
374	beldum	3	-1	3	35	slow	mineral	40	-	-	192	-
375	metang	3	-1	3	35	slow	mineral	40	-	beldum	192	-
376	metagross	3	-1	3	35	slow	mineral	40	troca-forma	metang	192	metagross-mega
377	regirock	3	-1	3	35	slow	no-eggs	80	lendario	-	193	-
378	regice	3	-1	3	35	slow	no-eggs	80	lendario	-	194	-
379	registeel	3	-1	3	35	slow	no-eggs	80	lendario	-	195	-
380	latias	3	8	3	90	slow	no-eggs	120	lendario troca-forma	-	196	latias-mega
381	latios	3	0	3	90	slow	no-eggs	120	lendario troca-forma	-	197	latios-mega
382	kyogre	3	-1	3	0	slow	no-eggs	120	lendario troca-forma	-	198	kyogre-primal
383	groudon	3	-1	3	0	slow	no-eggs	120	lendario troca-forma	-	199	groudon-primal
384	rayquaza	3	-1	45	0	slow	no-eggs	120	lendario troca-forma	-	200	rayquaza-mega
385	jirachi	3	-1	3	100	slow	no-eggs	120	mitico	-	201	-
386	deoxys	3	-1	3	0	slow	no-eggs	120	mitico troca-forma	-	202	deoxys-attack deoxys-defense deoxys-speed
387	turtwig	4	1	45	70	medium-slow	monster/plant	20	-	-	203	-
388	grotle	4	1	45	70	medium-slow	monster/plant	20	-	turtwig	203	-
389	torterra	4	1	45	70	medium-slow	monster/plant	20	-	grotle	203	-
390	chimchar	4	1	45	70	medium-slow	ground/humanshape	20	-	-	204	-
391	monferno	4	1	45	70	medium-slow	ground/humanshape	20	-	chimchar	204	-
392	infernape	4	1	45	70	medium-slow	ground/humanshape	20	-	monferno	204	-
393	piplup	4	1	45	70	medium-slow	water1/ground	20	-	-	205	-
394	prinplup	4	1	45	70	medium-slow	water1/ground	20	-	piplup	205	-
395	empoleon	4	1	45	70	medium-slow	water1/ground	20	-	prinplup	205	-
396	starly	4	4	255	70	medium-slow	flying	15	dimorfismo	-	206	-
397	staravia	4	4	120	70	medium-slow	flying	15	dimorfismo	starly	206	-
398	staraptor	4	4	45	70	medium-slow	flying	15	dimorfismo	staravia	206	staraptor-mega
399	bidoof	4	4	255	70	medium	water1/ground	15	dimorfismo	-	207	-
400	bibarel	4	4	127	70	medium	water1/ground	15	dimorfismo	bidoof	207	-
401	kricketot	4	4	255	70	medium-slow	bug	15	dimorfismo	-	208	-
402	kricketune	4	4	45	70	medium-slow	bug	15	dimorfismo	kricketot	208	-
403	shinx	4	4	235	70	medium-slow	ground	20	dimorfismo	-	209	-
404	luxio	4	4	120	100	medium-slow	ground	20	dimorfismo	shinx	209	-
405	luxray	4	4	45	70	medium-slow	ground	20	dimorfismo	luxio	209	-
406	budew	4	4	255	70	medium-slow	no-eggs	20	bebe	-	158	-
407	roserade	4	4	75	70	medium-slow	fairy/plant	20	dimorfismo	roselia	158	-
408	cranidos	4	1	45	70	slow-then-very-fast	monster	30	-	-	211	-
409	rampardos	4	1	45	70	slow-then-very-fast	monster	30	-	cranidos	211	-
410	shieldon	4	1	45	70	slow-then-very-fast	monster	30	-	-	212	-
411	bastiodon	4	1	45	70	slow-then-very-fast	monster	30	-	shieldon	212	-
412	burmy	4	4	120	70	medium	bug	15	troca-forma	-	213	-
413	wormadam	4	8	45	70	medium	bug	15	-	burmy	213	wormadam-sandy wormadam-trash
414	mothim	4	0	45	70	medium	bug	15	-	burmy	213	-
415	combee	4	1	120	70	medium-slow	bug	15	dimorfismo	-	214	-
416	vespiquen	4	8	45	70	medium-slow	bug	15	-	combee	214	-
417	pachirisu	4	4	200	100	medium	ground/fairy	10	dimorfismo	-	215	-
418	buizel	4	4	190	70	medium	water1/ground	20	dimorfismo	-	216	-
419	floatzel	4	4	75	70	medium	water1/ground	20	dimorfismo	buizel	216	-
420	cherubi	4	4	190	70	medium	fairy/plant	20	-	-	217	-
421	cherrim	4	4	75	70	medium	fairy/plant	20	troca-forma	cherubi	217	-
422	shellos	4	4	190	70	medium	water1/indeterminate	20	-	-	218	-
423	gastrodon	4	4	75	70	medium	water1/indeterminate	20	-	shellos	218	-
424	ambipom	4	4	45	100	fast	ground	20	dimorfismo	aipom	93	-
425	drifloon	4	4	125	70	fast-then-very-slow	indeterminate	30	-	-	219	-
426	drifblim	4	4	60	70	fast-then-very-slow	indeterminate	30	-	drifloon	219	-
427	buneary	4	4	190	0	medium	ground/humanshape	20	-	-	220	-
428	lopunny	4	4	60	140	medium	ground/humanshape	20	troca-forma	buneary	220	lopunny-mega
429	mismagius	4	4	45	35	fast	indeterminate	25	-	misdreavus	98	-
430	honchkrow	4	4	30	35	medium-slow	flying	20	-	murkrow	97	-
431	glameow	4	6	190	70	fast	ground	20	-	-	221	-
432	purugly	4	6	75	70	fast	ground	20	-	glameow	221	-
433	chingling	4	4	120	70	fast	no-eggs	25	bebe	-	184	-
434	stunky	4	4	225	70	medium	ground	20	-	-	223	-
435	skuntank	4	4	60	70	medium	ground	20	-	stunky	223	-
436	bronzor	4	-1	255	70	medium	mineral	20	-	-	224	-
437	bronzong	4	-1	90	70	medium	mineral	20	-	bronzor	224	-
438	bonsly	4	4	255	70	medium	no-eggs	20	bebe	-	91	-
439	mime-jr	4	4	145	70	medium	no-eggs	25	bebe	-	57	-
440	happiny	4	8	130	140	fast	no-eggs	40	bebe	-	51	-
441	chatot	4	4	30	35	medium-slow	flying	20	-	-	228	-
442	spiritomb	4	4	100	70	medium	indeterminate	30	-	-	229	-
443	gible	4	4	45	70	slow	monster/dragon	40	dimorfismo	-	230	-
444	gabite	4	4	45	70	slow	monster/dragon	40	dimorfismo	gible	230	-
445	garchomp	4	4	45	70	slow	monster/dragon	40	troca-forma dimorfismo	gabite	230	garchomp-mega garchomp-mega-z
446	munchlax	4	1	50	70	slow	no-eggs	40	bebe	-	72	-
447	riolu	4	1	75	70	medium-slow	no-eggs	25	bebe	-	232	-
448	lucario	4	1	45	70	medium-slow	ground/humanshape	25	troca-forma	riolu	232	lucario-mega lucario-mega-z
449	hippopotas	4	4	140	70	slow	ground	30	dimorfismo	-	233	-
450	hippowdon	4	4	60	70	slow	ground	30	dimorfismo	hippopotas	233	-
451	skorupi	4	4	120	70	slow	bug/water3	20	-	-	234	-
452	drapion	4	4	45	70	slow	bug/water3	20	-	skorupi	234	-
453	croagunk	4	4	140	100	medium	humanshape	10	dimorfismo	-	235	-
454	toxicroak	4	4	75	70	medium	humanshape	20	dimorfismo	croagunk	235	-
455	carnivine	4	4	200	70	slow	plant	25	-	-	236	-
456	finneon	4	4	190	70	slow-then-very-fast	water2	20	dimorfismo	-	237	-
457	lumineon	4	4	75	70	slow-then-very-fast	water2	20	dimorfismo	finneon	237	-
458	mantyke	4	4	25	70	slow	no-eggs	25	bebe	-	116	-
459	snover	4	4	120	70	slow	monster/plant	20	dimorfismo	-	239	-
460	abomasnow	4	4	60	70	slow	monster/plant	20	troca-forma dimorfismo	snover	239	abomasnow-mega
461	weavile	4	4	45	35	medium-slow	ground	20	dimorfismo	sneasel	109	-
462	magnezone	4	-1	30	70	medium	mineral	20	-	magneton	34	-
463	lickilicky	4	4	30	70	medium	monster	20	-	lickitung	48	-
464	rhyperior	4	4	30	70	slow	monster/ground	20	dimorfismo	rhydon	50	-
465	tangrowth	4	4	30	70	medium	plant	20	dimorfismo	tangela	52	-
466	electivire	4	2	30	70	medium	humanshape	25	-	electabuzz	60	-
467	magmortar	4	2	30	70	medium	humanshape	25	-	magmar	61	-
468	togekiss	4	1	30	70	fast	flying/fairy	10	-	togetic	87	-
469	yanmega	4	4	30	70	medium	bug	20	-	yanma	95	-
470	leafeon	4	1	45	35	medium	ground	35	-	eevee	67	-
471	glaceon	4	1	45	35	medium	ground	35	-	eevee	67	-
472	gliscor	4	4	30	70	medium-slow	bug	20	-	gligar	104	-
473	mamoswine	4	4	50	70	slow	ground	20	dimorfismo	piloswine	112	-
474	porygon-z	4	-1	30	70	medium	mineral	20	-	porygon2	68	-
475	gallade	4	0	45	35	slow	humanshape/indeterminate	20	troca-forma	kirlia	140	gallade-mega
476	probopass	4	4	60	70	medium	mineral	20	-	nosepass	147	-
477	dusknoir	4	4	45	35	fast	indeterminate	25	-	dusclops	182	-
478	froslass	4	8	75	70	medium	fairy/mineral	20	-	snorunt	186	froslass-mega
479	rotom	4	-1	45	70	medium	indeterminate	20	troca-forma	-	240	rotom-heat rotom-wash rotom-frost rotom-fan rotom-mow
480	uxie	4	-1	3	140	slow	no-eggs	80	lendario	-	241	-
481	mesprit	4	-1	3	140	slow	no-eggs	80	lendario	-	242	-
482	azelf	4	-1	3	140	slow	no-eggs	80	lendario	-	243	-
483	dialga	4	-1	3	0	slow	no-eggs	120	lendario	-	244	dialga-origin
484	palkia	4	-1	3	0	slow	no-eggs	120	lendario	-	245	palkia-origin
485	heatran	4	4	3	100	slow	no-eggs	10	lendario	-	246	heatran-mega
486	regigigas	4	-1	3	0	slow	no-eggs	120	lendario	-	247	-
487	giratina	4	-1	3	0	slow	no-eggs	120	lendario troca-forma	-	248	giratina-origin
488	cresselia	4	8	3	100	slow	no-eggs	120	lendario	-	249	-
489	phione	4	-1	30	70	slow	water1/fairy	40	mitico	-	250	-
490	manaphy	4	-1	3	70	slow	water1/fairy	10	mitico	-	250	-
491	darkrai	4	-1	3	0	slow	no-eggs	120	mitico	-	252	darkrai-mega
492	shaymin	4	-1	45	100	medium-slow	no-eggs	120	mitico troca-forma	-	253	shaymin-sky
493	arceus	4	-1	3	0	slow	no-eggs	120	mitico troca-forma	-	254	-
494	victini	5	-1	3	100	slow	no-eggs	120	mitico	-	255	-
495	snivy	5	1	45	70	medium-slow	ground/plant	20	-	-	256	-
496	servine	5	1	45	70	medium-slow	ground/plant	20	-	snivy	256	-
497	serperior	5	1	45	70	medium-slow	ground/plant	20	-	servine	256	-
498	tepig	5	1	45	70	medium-slow	ground	20	-	-	257	-
499	pignite	5	1	45	70	medium-slow	ground	20	-	tepig	257	-
500	emboar	5	1	45	70	medium-slow	ground	20	-	pignite	257	emboar-mega
501	oshawott	5	1	45	70	medium-slow	ground	20	-	-	258	-
502	dewott	5	1	45	70	medium-slow	ground	20	-	oshawott	258	-
503	samurott	5	1	45	70	medium-slow	ground	20	-	dewott	258	samurott-hisui
504	patrat	5	4	255	70	medium	ground	15	-	-	259	-
505	watchog	5	4	255	70	medium	ground	20	-	patrat	259	-
506	lillipup	5	4	255	70	medium-slow	ground	15	-	-	260	-
507	herdier	5	4	120	70	medium-slow	ground	15	-	lillipup	260	-
508	stoutland	5	4	45	70	medium-slow	ground	15	-	herdier	260	-
509	purrloin	5	4	255	70	medium	ground	20	-	-	261	-
510	liepard	5	4	90	70	medium	ground	20	-	purrloin	261	-
511	pansage	5	1	190	70	medium	ground	20	-	-	262	-
512	simisage	5	1	75	70	medium	ground	20	-	pansage	262	-
513	pansear	5	1	190	70	medium	ground	20	-	-	263	-
514	simisear	5	1	75	70	medium	ground	20	-	pansear	263	-
515	panpour	5	1	190	70	medium	ground	20	-	-	264	-
516	simipour	5	1	75	70	medium	ground	20	-	panpour	264	-
517	munna	5	4	190	70	fast	ground	10	-	-	265	-
518	musharna	5	4	75	70	fast	ground	10	-	munna	265	-
519	pidove	5	4	255	70	medium-slow	flying	15	-	-	266	-
520	tranquill	5	4	120	70	medium-slow	flying	15	-	pidove	266	-
521	unfezant	5	4	45	70	medium-slow	flying	15	dimorfismo	tranquill	266	-
522	blitzle	5	4	190	70	medium	ground	20	-	-	267	-
523	zebstrika	5	4	75	70	medium	ground	20	-	blitzle	267	-
524	roggenrola	5	4	255	70	medium-slow	mineral	15	-	-	268	-
525	boldore	5	4	120	70	medium-slow	mineral	15	-	roggenrola	268	-
526	gigalith	5	4	45	70	medium-slow	mineral	15	-	boldore	268	-
527	woobat	5	4	190	70	medium	ground/flying	15	-	-	269	-
528	swoobat	5	4	45	70	medium	ground/flying	15	-	woobat	269	-
529	drilbur	5	4	120	70	medium	ground	20	-	-	270	-
530	excadrill	5	4	60	70	medium	ground	20	-	drilbur	270	excadrill-mega
531	audino	5	4	255	70	fast	fairy	20	troca-forma	-	271	audino-mega
532	timburr	5	2	180	70	medium-slow	humanshape	20	-	-	272	-
533	gurdurr	5	2	90	70	medium-slow	humanshape	20	-	timburr	272	-
534	conkeldurr	5	2	45	70	medium-slow	humanshape	20	-	gurdurr	272	-
535	tympole	5	4	255	70	medium-slow	water1	20	-	-	273	-
536	palpitoad	5	4	120	70	medium-slow	water1	20	-	tympole	273	-
537	seismitoad	5	4	45	70	medium-slow	water1	20	-	palpitoad	273	-
538	throh	5	0	45	70	medium	humanshape	20	-	-	274	-
539	sawk	5	0	45	70	medium	humanshape	20	-	-	275	-
540	sewaddle	5	4	255	70	medium-slow	bug	15	-	-	276	-
541	swadloon	5	4	120	70	medium-slow	bug	15	-	sewaddle	276	-
542	leavanny	5	4	45	70	medium-slow	bug	15	-	swadloon	276	-
543	venipede	5	4	255	70	medium-slow	bug	15	-	-	277	-
544	whirlipede	5	4	120	70	medium-slow	bug	15	-	venipede	277	-
545	scolipede	5	4	45	70	medium-slow	bug	20	-	whirlipede	277	scolipede-mega
546	cottonee	5	4	190	70	medium	plant/fairy	20	-	-	278	-
547	whimsicott	5	4	75	70	medium	plant/fairy	20	-	cottonee	278	-
548	petilil	5	8	190	70	medium	plant	20	-	-	279	-
549	lilligant	5	8	75	70	medium	plant	20	-	petilil	279	lilligant-hisui
550	basculin	5	4	25	70	medium	water2	40	-	-	280	basculin-blue-striped basculin-white-striped
551	sandile	5	4	180	70	medium-slow	ground	20	-	-	281	-
552	krokorok	5	4	90	70	medium-slow	ground	20	-	sandile	281	-
553	krookodile	5	4	45	70	medium-slow	ground	20	-	krokorok	281	-
554	darumaka	5	4	120	70	medium-slow	ground	20	-	-	282	darumaka-galar
555	darmanitan	5	4	60	70	medium-slow	ground	20	troca-forma	darumaka	282	darmanitan-zen darmanitan-galar-standard darmanitan-galar-zen
556	maractus	5	4	255	70	medium	plant	20	-	-	283	-
557	dwebble	5	4	190	70	medium	bug/mineral	20	-	-	284	-
558	crustle	5	4	75	70	medium	bug/mineral	20	-	dwebble	284	-
559	scraggy	5	4	180	35	medium	ground/dragon	15	-	-	285	-
560	scrafty	5	4	90	70	medium	ground/dragon	15	-	scraggy	285	scrafty-mega
561	sigilyph	5	4	45	70	medium	flying	20	-	-	286	-
562	yamask	5	4	190	70	medium	mineral/indeterminate	25	-	-	287	yamask-galar
563	cofagrigus	5	4	90	70	medium	mineral/indeterminate	25	-	yamask	287	-
564	tirtouga	5	1	45	70	medium	water1/water3	30	-	-	288	-
565	carracosta	5	1	45	70	medium	water1/water3	30	-	tirtouga	288	-
566	archen	5	1	45	70	medium	flying/water3	30	-	-	289	-
567	archeops	5	1	45	70	medium	flying/water3	30	-	archen	289	-
568	trubbish	5	4	190	70	medium	mineral	20	-	-	290	-
569	garbodor	5	4	60	70	medium	mineral	20	-	trubbish	290	garbodor-gmax
570	zorua	5	1	75	70	medium-slow	ground	25	-	-	291	zorua-hisui
571	zoroark	5	1	45	70	medium-slow	ground	20	-	zorua	291	zoroark-hisui
572	minccino	5	6	255	70	fast	ground	15	-	-	292	-
573	cinccino	5	6	60	70	fast	ground	15	-	minccino	292	-
574	gothita	5	6	200	70	medium-slow	humanshape	20	-	-	293	-
575	gothorita	5	6	100	70	medium-slow	humanshape	20	-	gothita	293	-
576	gothitelle	5	6	50	70	medium-slow	humanshape	20	-	gothorita	293	-
577	solosis	5	4	200	70	medium-slow	indeterminate	20	-	-	294	-
578	duosion	5	4	100	70	medium-slow	indeterminate	20	-	solosis	294	-
579	reuniclus	5	4	50	70	medium-slow	indeterminate	20	-	duosion	294	-
580	ducklett	5	4	190	70	medium	water1/flying	20	-	-	295	-
581	swanna	5	4	45	70	medium	water1/flying	20	-	ducklett	295	-
582	vanillite	5	4	255	70	slow	mineral	20	-	-	296	-
583	vanillish	5	4	120	70	slow	mineral	20	-	vanillite	296	-
584	vanilluxe	5	4	45	70	slow	mineral	20	-	vanillish	296	-
585	deerling	5	4	190	70	medium	ground	20	troca-forma	-	297	-
586	sawsbuck	5	4	75	70	medium	ground	20	troca-forma	deerling	297	-
587	emolga	5	4	200	70	medium	ground	20	-	-	298	-
588	karrablast	5	4	200	70	medium	bug	15	-	-	299	-
589	escavalier	5	4	75	70	medium	bug	15	-	karrablast	299	-
590	foongus	5	4	190	70	medium	plant	20	-	-	300	-
591	amoonguss	5	4	75	70	medium	plant	20	-	foongus	300	-
592	frillish	5	4	190	70	medium	indeterminate	20	dimorfismo	-	301	-
593	jellicent	5	4	60	70	medium	indeterminate	20	dimorfismo	frillish	301	-
594	alomomola	5	4	75	70	fast	water1/water2	40	-	-	302	-
595	joltik	5	4	190	70	medium	bug	20	-	-	303	-
596	galvantula	5	4	75	70	medium	bug	20	-	joltik	303	-
597	ferroseed	5	4	255	70	medium	plant/mineral	20	-	-	304	-
598	ferrothorn	5	4	90	70	medium	plant/mineral	20	-	ferroseed	304	-
599	klink	5	-1	130	70	medium-slow	mineral	20	-	-	305	-
600	klang	5	-1	60	70	medium-slow	mineral	20	-	klink	305	-
601	klinklang	5	-1	30	70	medium-slow	mineral	20	-	klang	305	-
602	tynamo	5	4	190	70	slow	indeterminate	20	-	-	306	-
603	eelektrik	5	4	60	70	slow	indeterminate	20	-	tynamo	306	-
604	eelektross	5	4	30	70	slow	indeterminate	20	-	eelektrik	306	eelektross-mega
605	elgyem	5	4	255	70	medium	humanshape	20	-	-	307	-
606	beheeyem	5	4	90	70	medium	humanshape	20	-	elgyem	307	-
607	litwick	5	4	190	70	medium-slow	indeterminate	20	-	-	308	-
608	lampent	5	4	90	70	medium-slow	indeterminate	20	-	litwick	308	-
609	chandelure	5	4	45	70	medium-slow	indeterminate	20	-	lampent	308	chandelure-mega
610	axew	5	4	75	35	slow	monster/dragon	40	-	-	309	-
611	fraxure	5	4	60	35	slow	monster/dragon	40	-	axew	309	-
612	haxorus	5	4	45	35	slow	monster/dragon	40	-	fraxure	309	-
613	cubchoo	5	4	120	70	medium	ground	20	-	-	310	-
614	beartic	5	4	60	70	medium	ground	20	-	cubchoo	310	-
615	cryogonal	5	-1	25	70	medium	mineral	25	-	-	311	-
616	shelmet	5	4	200	70	medium	bug	15	-	-	312	-
617	accelgor	5	4	75	70	medium	bug	15	-	shelmet	312	-
618	stunfisk	5	4	75	70	medium	water1/indeterminate	20	-	-	313	stunfisk-galar
619	mienfoo	5	4	180	70	medium-slow	ground/humanshape	25	-	-	314	-
620	mienshao	5	4	45	70	medium-slow	ground/humanshape	25	-	mienfoo	314	-
621	druddigon	5	4	45	70	medium	dragon/monster	30	-	-	315	-
622	golett	5	-1	190	70	medium	mineral	25	-	-	316	-
623	golurk	5	-1	90	70	medium	mineral	25	-	golett	316	golurk-mega
624	pawniard	5	4	120	35	medium	humanshape	20	-	-	317	-
625	bisharp	5	4	45	35	medium	humanshape	20	-	pawniard	317	-
626	bouffalant	5	4	45	70	medium	ground	20	-	-	318	-
627	rufflet	5	0	190	70	slow	flying	20	-	-	319	-
628	braviary	5	0	60	70	slow	flying	20	-	rufflet	319	braviary-hisui
629	vullaby	5	8	190	35	slow	flying	20	-	-	320	-
630	mandibuzz	5	8	60	35	slow	flying	20	-	vullaby	320	-
631	heatmor	5	4	90	70	medium	ground	20	-	-	321	-
632	durant	5	4	90	70	medium	bug	20	-	-	322	-
633	deino	5	4	45	35	slow	dragon	40	-	-	323	-
634	zweilous	5	4	45	35	slow	dragon	40	-	deino	323	-
635	hydreigon	5	4	45	35	slow	dragon	40	-	zweilous	323	-
636	larvesta	5	4	45	70	slow	bug	40	-	-	324	-
637	volcarona	5	4	15	70	slow	bug	40	-	larvesta	324	-
638	cobalion	5	-1	3	35	slow	no-eggs	80	lendario	-	325	-
639	terrakion	5	-1	3	35	slow	no-eggs	80	lendario	-	326	-
640	virizion	5	-1	3	35	slow	no-eggs	80	lendario	-	327	-
641	tornadus	5	0	3	90	slow	no-eggs	120	lendario troca-forma	-	328	tornadus-therian
642	thundurus	5	0	3	90	slow	no-eggs	120	lendario troca-forma	-	329	thundurus-therian
643	reshiram	5	-1	3	0	slow	no-eggs	120	lendario	-	330	-
644	zekrom	5	-1	3	0	slow	no-eggs	120	lendario	-	331	-
645	landorus	5	0	3	90	slow	no-eggs	120	lendario troca-forma	-	332	landorus-therian
646	kyurem	5	-1	3	0	slow	no-eggs	120	lendario troca-forma	-	333	kyurem-black kyurem-white
647	keldeo	5	-1	3	35	slow	no-eggs	80	mitico troca-forma	-	334	keldeo-resolute
648	meloetta	5	-1	3	100	slow	no-eggs	120	mitico troca-forma	-	335	meloetta-pirouette
649	genesect	5	-1	3	0	slow	no-eggs	120	mitico troca-forma	-	336	-
650	chespin	6	1	45	70	medium-slow	ground	20	-	-	337	-
651	quilladin	6	1	45	70	medium-slow	ground	20	-	chespin	337	-
652	chesnaught	6	1	45	70	medium-slow	ground	20	-	quilladin	337	chesnaught-mega
653	fennekin	6	1	45	70	medium-slow	ground	20	-	-	338	-
654	braixen	6	1	45	70	medium-slow	ground	20	-	fennekin	338	-
655	delphox	6	1	45	70	medium-slow	ground	20	-	braixen	338	delphox-mega
656	froakie	6	1	45	70	medium-slow	water1	20	-	-	339	-
657	frogadier	6	1	45	70	medium-slow	water1	20	-	froakie	339	-
658	greninja	6	1	45	70	medium-slow	water1	20	-	frogadier	339	greninja-battle-bond greninja-ash greninja-mega
659	bunnelby	6	4	255	70	medium	ground	15	-	-	340	-
660	diggersby	6	4	127	70	medium	ground	15	-	bunnelby	340	-
661	fletchling	6	4	255	70	medium-slow	flying	15	-	-	341	-
662	fletchinder	6	4	120	70	medium-slow	flying	15	-	fletchling	341	-
663	talonflame	6	4	45	70	medium-slow	flying	15	-	fletchinder	341	-
664	scatterbug	6	4	255	70	medium	bug	15	-	-	342	-
665	spewpa	6	4	120	70	medium	bug	15	-	scatterbug	342	-
666	vivillon	6	4	45	70	medium	bug	15	-	spewpa	342	-
667	litleo	6	7	220	70	medium-slow	ground	20	-	-	343	-
668	pyroar	6	7	65	70	medium-slow	ground	20	dimorfismo	litleo	343	pyroar-mega
669	flabebe	6	8	225	70	medium	fairy	20	-	-	344	-
670	floette	6	8	120	70	medium	fairy	20	-	flabebe	344	floette-eternal floette-mega
671	florges	6	8	45	70	medium	fairy	20	-	floette	344	-
672	skiddo	6	4	200	70	medium	ground	20	-	-	345	-
673	gogoat	6	4	45	70	medium	ground	20	-	skiddo	345	-
674	pancham	6	4	220	70	medium	ground/humanshape	25	-	-	346	-
675	pangoro	6	4	65	70	medium	ground/humanshape	25	-	pancham	346	-
676	furfrou	6	4	160	70	medium	ground	20	troca-forma	-	347	-
677	espurr	6	4	190	70	medium	ground	20	-	-	348	-
678	meowstic	6	4	75	70	medium	ground	20	dimorfismo	espurr	348	meowstic-female meowstic-male-mega meowstic-female-mega
679	honedge	6	4	180	70	medium	mineral	20	-	-	349	-
680	doublade	6	4	90	70	medium	mineral	20	-	honedge	349	-
681	aegislash	6	4	45	70	medium	mineral	20	troca-forma	doublade	349	aegislash-blade
682	spritzee	6	4	200	70	medium	fairy	20	-	-	350	-
683	aromatisse	6	4	140	70	medium	fairy	20	-	spritzee	350	-
684	swirlix	6	4	200	70	medium	fairy	20	-	-	351	-
685	slurpuff	6	4	140	70	medium	fairy	20	-	swirlix	351	-
686	inkay	6	4	190	70	medium	water1/water2	20	-	-	352	-
687	malamar	6	4	80	70	medium	water1/water2	20	-	inkay	352	malamar-mega
688	binacle	6	4	120	70	medium	water3	20	-	-	353	-
689	barbaracle	6	4	45	70	medium	water3	20	-	binacle	353	barbaracle-mega
690	skrelp	6	4	225	70	medium	water1/dragon	20	-	-	354	-
691	dragalge	6	4	55	70	medium	water1/dragon	20	-	skrelp	354	dragalge-mega
692	clauncher	6	4	225	70	slow	water1/water3	15	-	-	355	-
693	clawitzer	6	4	55	70	slow	water1/water3	15	-	clauncher	355	-
694	helioptile	6	4	190	70	medium	monster/dragon	20	-	-	356	-
695	heliolisk	6	4	75	70	medium	monster/dragon	20	-	helioptile	356	-
696	tyrunt	6	1	45	70	medium	monster/dragon	30	-	-	357	-
697	tyrantrum	6	1	45	70	medium	monster/dragon	30	-	tyrunt	357	-
698	amaura	6	1	45	70	medium	monster	30	-	-	358	-
699	aurorus	6	1	45	70	medium	monster	30	-	amaura	358	-
700	sylveon	6	1	45	70	medium	ground	35	-	eevee	67	-
701	hawlucha	6	4	100	70	medium	flying/humanshape	20	-	-	359	hawlucha-mega
702	dedenne	6	4	180	70	medium	ground/fairy	20	-	-	360	-
703	carbink	6	-1	60	70	slow	fairy/mineral	25	-	-	361	-
704	goomy	6	4	45	35	slow	dragon	40	-	-	362	-
705	sliggoo	6	4	45	35	slow	dragon	40	-	goomy	362	sliggoo-hisui
706	goodra	6	4	45	35	slow	dragon	40	-	sliggoo	362	goodra-hisui
707	klefki	6	4	75	70	fast	mineral	20	-	-	363	-
708	phantump	6	4	120	70	medium	plant/indeterminate	20	-	-	364	-
709	trevenant	6	4	60	70	medium	plant/indeterminate	20	-	phantump	364	-
710	pumpkaboo	6	4	120	70	medium	indeterminate	20	-	-	365	pumpkaboo-small pumpkaboo-large pumpkaboo-super
711	gourgeist	6	4	60	70	medium	indeterminate	20	-	pumpkaboo	365	gourgeist-small gourgeist-large gourgeist-super
712	bergmite	6	4	190	70	medium	monster/mineral	20	-	-	366	-
713	avalugg	6	4	55	70	medium	monster/mineral	20	-	bergmite	366	avalugg-hisui
714	noibat	6	4	190	70	medium	flying/dragon	20	-	-	367	-
715	noivern	6	4	45	70	medium	flying/dragon	20	-	noibat	367	-
716	xerneas	6	-1	45	0	slow	no-eggs	120	lendario troca-forma	-	368	-
717	yveltal	6	-1	45	0	slow	no-eggs	120	lendario	-	369	-
718	zygarde	6	-1	3	0	slow	no-eggs	120	lendario	-	370	zygarde-10-power-construct zygarde-50-power-construct zygarde-complete zygarde-10 zygarde-mega
719	diancie	6	-1	3	70	slow	no-eggs	25	mitico troca-forma	-	371	diancie-mega
720	hoopa	6	-1	3	100	slow	no-eggs	120	mitico	-	372	hoopa-unbound
721	volcanion	6	-1	3	100	slow	no-eggs	120	mitico	-	373	-
722	rowlet	7	1	45	70	medium-slow	flying	15	-	-	374	-
723	dartrix	7	1	45	70	medium-slow	flying	15	-	rowlet	374	-
724	decidueye	7	1	45	70	medium-slow	flying	15	-	dartrix	374	decidueye-hisui
725	litten	7	1	45	70	medium-slow	ground	15	-	-	375	-
726	torracat	7	1	45	70	medium-slow	ground	15	-	litten	375	-
727	incineroar	7	1	45	70	medium-slow	ground	15	-	torracat	375	-
728	popplio	7	1	45	70	medium-slow	water1/ground	15	-	-	376	-
729	brionne	7	1	45	70	medium-slow	water1/ground	15	-	popplio	376	-
730	primarina	7	1	45	70	medium-slow	water1/ground	15	-	brionne	376	-
731	pikipek	7	4	255	70	medium	flying	15	-	-	377	-
732	trumbeak	7	4	120	70	medium	flying	15	-	pikipek	377	-
733	toucannon	7	4	45	70	medium	flying	15	-	trumbeak	377	-
734	yungoos	7	4	255	70	medium	ground	15	-	-	378	-
735	gumshoos	7	4	127	70	medium	ground	15	-	yungoos	378	gumshoos-totem
736	grubbin	7	4	255	70	medium	bug	15	-	-	379	-
737	charjabug	7	4	120	70	medium	bug	15	-	grubbin	379	-
738	vikavolt	7	4	45	70	medium	bug	15	-	charjabug	379	vikavolt-totem
739	crabrawler	7	4	225	70	medium	water3	20	-	-	380	-
740	crabominable	7	4	60	70	medium	water3	20	-	crabrawler	380	crabominable-mega
741	oricorio	7	6	45	70	medium	flying	20	-	-	381	oricorio-pom-pom oricorio-pau oricorio-sensu
742	cutiefly	7	4	190	70	medium	bug/fairy	20	-	-	382	-
743	ribombee	7	4	75	70	medium	bug/fairy	20	-	cutiefly	382	ribombee-totem
744	rockruff	7	4	190	70	medium	ground	15	-	-	383	rockruff-own-tempo
745	lycanroc	7	4	90	70	medium	ground	15	-	rockruff	383	lycanroc-midnight lycanroc-dusk
746	wishiwashi	7	4	60	70	fast	water2	15	-	-	384	wishiwashi-school
747	mareanie	7	4	190	70	medium	water1	20	-	-	385	-
748	toxapex	7	4	75	70	medium	water1	20	-	mareanie	385	-
749	mudbray	7	4	190	70	medium	ground	20	-	-	386	-
750	mudsdale	7	4	60	70	medium	ground	20	-	mudbray	386	-
751	dewpider	7	4	200	70	medium	water1/bug	15	-	-	387	-
752	araquanid	7	4	100	70	medium	water1/bug	15	-	dewpider	387	araquanid-totem
753	fomantis	7	4	190	70	medium	plant	20	-	-	388	-
754	lurantis	7	4	75	70	medium	plant	20	-	fomantis	388	lurantis-totem
755	morelull	7	4	190	70	medium	plant	20	-	-	389	-
756	shiinotic	7	4	75	70	medium	plant	20	-	morelull	389	-
757	salandit	7	1	120	70	medium	monster/dragon	20	-	-	390	-
758	salazzle	7	8	45	70	medium	monster/dragon	20	-	salandit	390	salazzle-totem
759	stufful	7	4	140	70	medium	ground	15	-	-	391	-
760	bewear	7	4	70	70	medium	ground	15	-	stufful	391	-
761	bounsweet	7	8	235	70	medium-slow	plant	20	-	-	392	-
762	steenee	7	8	120	70	medium-slow	plant	20	-	bounsweet	392	-
763	tsareena	7	8	45	70	medium-slow	plant	20	-	steenee	392	-
764	comfey	7	6	60	70	fast	plant	20	-	-	393	-
765	oranguru	7	4	45	70	slow	ground	20	-	-	394	-
766	passimian	7	4	45	70	slow	ground	20	-	-	395	-
767	wimpod	7	4	90	70	medium	bug/water3	20	-	-	396	-
768	golisopod	7	4	45	70	medium	bug/water3	20	-	wimpod	396	golisopod-mega
769	sandygast	7	4	140	70	medium	indeterminate	15	-	-	397	-
770	palossand	7	4	60	70	medium	indeterminate	15	-	sandygast	397	-
771	pyukumuku	7	4	60	70	fast	water1	15	-	-	398	-
772	type-null	7	-1	3	0	slow	no-eggs	120	lendario	-	399	-
773	silvally	7	-1	3	0	slow	no-eggs	120	lendario	type-null	399	-
774	minior	7	-1	30	70	medium-slow	mineral	25	-	-	400	minior-orange-meteor minior-yellow-meteor minior-green-meteor minior-blue-meteor minior-indigo-meteor minior-violet-meteor minior-red minior-orange minior-yellow minior-green minior-blue minior-indigo minior-violet
775	komala	7	4	45	70	slow	ground	20	-	-	401	-
776	turtonator	7	4	70	70	medium	monster/dragon	20	-	-	402	-
777	togedemaru	7	4	180	70	medium	ground/fairy	10	-	-	403	togedemaru-totem
778	mimikyu	7	4	45	70	medium	indeterminate	20	-	-	404	mimikyu-busted mimikyu-totem-disguised mimikyu-totem-busted
779	bruxish	7	4	80	70	medium	water2	15	-	-	405	-
780	drampa	7	4	70	70	medium	monster/dragon	20	-	-	406	drampa-mega
781	dhelmise	7	-1	25	70	medium	mineral	25	-	-	407	-
782	jangmo-o	7	4	45	70	slow	dragon	40	-	-	408	-
783	hakamo-o	7	4	45	70	slow	dragon	40	-	jangmo-o	408	-
784	kommo-o	7	4	45	70	slow	dragon	40	-	hakamo-o	408	kommo-o-totem
785	tapu-koko	7	-1	3	70	slow	no-eggs	15	lendario	-	409	-
786	tapu-lele	7	-1	3	70	slow	no-eggs	15	lendario	-	410	-
787	tapu-bulu	7	-1	3	70	slow	no-eggs	15	lendario	-	411	-
788	tapu-fini	7	-1	3	70	slow	no-eggs	15	lendario	-	412	-
789	cosmog	7	-1	45	0	slow	no-eggs	120	lendario	-	413	-
790	cosmoem	7	-1	45	0	slow	no-eggs	120	lendario	cosmog	413	-
791	solgaleo	7	-1	45	0	slow	no-eggs	120	lendario	cosmoem	413	-
792	lunala	7	-1	45	0	slow	no-eggs	120	lendario	cosmoem	413	-
793	nihilego	7	-1	45	0	slow	no-eggs	120	-	-	414	-
794	buzzwole	7	-1	45	0	slow	no-eggs	120	-	-	415	-
795	pheromosa	7	-1	45	0	slow	no-eggs	120	-	-	416	-
796	xurkitree	7	-1	45	0	slow	no-eggs	120	-	-	417	-
797	celesteela	7	-1	45	0	slow	no-eggs	120	-	-	418	-
798	kartana	7	-1	45	0	slow	no-eggs	120	-	-	419	-
799	guzzlord	7	-1	45	0	slow	no-eggs	120	-	-	420	-
800	necrozma	7	-1	255	0	slow	no-eggs	120	lendario	-	421	necrozma-dusk necrozma-dawn necrozma-ultra
801	magearna	7	-1	3	0	slow	no-eggs	120	mitico	-	422	magearna-original magearna-mega magearna-original-mega
802	marshadow	7	-1	3	0	slow	no-eggs	120	mitico	-	423	-
803	poipole	7	-1	45	0	slow	no-eggs	120	-	-	424	-
804	naganadel	7	-1	45	0	slow	no-eggs	120	-	poipole	424	-
805	stakataka	7	-1	30	0	slow	no-eggs	120	-	-	425	-
806	blacephalon	7	-1	30	0	slow	no-eggs	120	-	-	426	-
807	zeraora	7	-1	3	0	slow	no-eggs	120	mitico	-	427	zeraora-mega
808	meltan	7	-1	3	0	slow	no-eggs	120	mitico	-	428	-
809	melmetal	7	-1	3	0	slow	no-eggs	120	mitico	meltan	428	melmetal-gmax
810	grookey	8	1	45	50	medium-slow	ground/plant	20	-	-	430	-
811	thwackey	8	1	45	50	medium-slow	ground/plant	20	-	grookey	430	-
812	rillaboom	8	1	45	50	medium-slow	ground/plant	20	-	thwackey	430	rillaboom-gmax
813	scorbunny	8	1	45	50	medium-slow	ground/humanshape	20	-	-	431	-
814	raboot	8	1	45	50	medium-slow	ground/humanshape	20	-	scorbunny	431	-
815	cinderace	8	1	45	50	medium-slow	ground/humanshape	20	-	raboot	431	cinderace-gmax
816	sobble	8	1	45	50	medium-slow	water1/ground	20	-	-	432	-
817	drizzile	8	1	45	50	medium-slow	water1/ground	20	-	sobble	432	-
818	inteleon	8	1	45	50	medium-slow	water1/ground	20	-	drizzile	432	inteleon-gmax
819	skwovet	8	4	255	50	medium	ground	20	-	-	433	-
820	greedent	8	4	90	50	medium	ground	20	-	skwovet	433	-
821	rookidee	8	4	255	50	medium-slow	flying	15	-	-	434	-
822	corvisquire	8	4	120	50	medium-slow	flying	15	-	rookidee	434	-
823	corviknight	8	4	45	50	medium-slow	flying	15	-	corvisquire	434	corviknight-gmax
824	blipbug	8	4	255	50	medium	bug	15	-	-	435	-
825	dottler	8	4	120	50	medium	bug	15	-	blipbug	435	-
826	orbeetle	8	4	45	50	medium	bug	15	-	dottler	435	orbeetle-gmax
827	nickit	8	4	255	50	fast	ground	15	-	-	436	-
828	thievul	8	4	127	50	fast	ground	15	-	nickit	436	-
829	gossifleur	8	4	190	50	medium	plant	20	-	-	437	-
830	eldegoss	8	4	75	50	medium	plant	20	-	gossifleur	437	-
831	wooloo	8	4	255	50	medium	ground	15	-	-	438	-
832	dubwool	8	4	127	50	medium	ground	15	-	wooloo	438	-
833	chewtle	8	4	255	50	medium	monster/water1	20	-	-	439	-
834	drednaw	8	4	75	50	medium	monster/water1	20	-	chewtle	439	drednaw-gmax
835	yamper	8	4	255	50	fast	ground	20	-	-	440	-
836	boltund	8	4	45	50	fast	ground	20	-	yamper	440	-
837	rolycoly	8	4	255	50	medium-slow	mineral	15	-	-	441	-
838	carkol	8	4	120	50	medium-slow	mineral	15	-	rolycoly	441	-
839	coalossal	8	4	45	50	medium-slow	mineral	15	-	carkol	441	coalossal-gmax
840	applin	8	4	255	50	slow-then-very-fast	plant/dragon	20	-	-	442	-
841	flapple	8	4	45	50	slow-then-very-fast	plant/dragon	20	-	applin	442	flapple-gmax
842	appletun	8	4	45	50	slow-then-very-fast	plant/dragon	20	-	applin	442	appletun-gmax
843	silicobra	8	4	255	50	medium	ground/dragon	20	-	-	443	-
844	sandaconda	8	4	120	50	medium	ground/dragon	20	-	silicobra	443	sandaconda-gmax
845	cramorant	8	4	45	50	medium	water1/flying	20	-	-	444	cramorant-gulping cramorant-gorging
846	arrokuda	8	4	255	50	slow	water2	20	-	-	445	-
847	barraskewda	8	4	60	50	slow	water2	20	-	arrokuda	445	-
848	toxel	8	4	75	50	medium-slow	no-eggs	25	bebe	-	446	-
849	toxtricity	8	4	45	50	medium-slow	humanshape	25	-	toxel	446	toxtricity-low-key toxtricity-amped-gmax toxtricity-low-key-gmax
850	sizzlipede	8	4	190	50	medium	bug	20	-	-	447	-
851	centiskorch	8	4	75	50	medium	bug	20	-	sizzlipede	447	centiskorch-gmax
852	clobbopus	8	4	180	50	medium-slow	water1/humanshape	25	-	-	448	-
853	grapploct	8	4	45	50	medium-slow	water1/humanshape	25	-	clobbopus	448	-
854	sinistea	8	-1	120	50	medium	mineral/indeterminate	20	-	-	449	-
855	polteageist	8	-1	60	50	medium	mineral/indeterminate	20	-	sinistea	449	-
856	hatenna	8	8	235	50	slow	fairy	20	-	-	450	-
857	hattrem	8	8	120	50	slow	fairy	20	-	hatenna	450	-
858	hatterene	8	8	45	50	slow	fairy	20	-	hattrem	450	hatterene-gmax
859	impidimp	8	0	255	50	medium	fairy/humanshape	20	-	-	451	-
860	morgrem	8	0	120	50	medium	fairy/humanshape	20	-	impidimp	451	-
861	grimmsnarl	8	0	45	50	medium	fairy/humanshape	20	-	morgrem	451	grimmsnarl-gmax
862	obstagoon	8	4	45	50	medium	ground	15	-	linoone	134	-
863	perrserker	8	4	90	50	medium	ground	20	-	meowth	22	-
864	cursola	8	6	30	50	fast	water1/water3	20	-	corsola	113	-
865	sirfetchd	8	4	45	50	medium	flying/ground	20	-	farfetchd	35	-
866	mr-rime	8	4	45	50	medium	humanshape	25	-	mr-mime	57	-
867	runerigus	8	4	90	50	medium	mineral/indeterminate	25	-	yamask	287	-
868	milcery	8	8	200	50	medium	fairy/indeterminate	20	-	-	452	-
869	alcremie	8	8	100	50	medium	fairy/indeterminate	20	-	milcery	452	alcremie-gmax
870	falinks	8	-1	45	50	medium	fairy/mineral	25	-	-	453	falinks-mega
871	pincurchin	8	4	75	50	medium	water1/indeterminate	20	-	-	454	-
872	snom	8	4	190	50	medium	bug	20	-	-	455	-
873	frosmoth	8	4	75	50	medium	bug	20	-	snom	455	-
874	stonjourner	8	4	60	50	slow	mineral	25	-	-	456	-
875	eiscue	8	4	60	50	slow	water1/ground	25	-	-	457	eiscue-noice
876	indeedee	8	4	30	140	fast	fairy	40	dimorfismo	-	458	indeedee-female
877	morpeko	8	4	180	50	medium	ground/fairy	10	-	-	459	morpeko-hangry
878	cufant	8	4	190	50	medium	ground/mineral	25	-	-	460	-
879	copperajah	8	4	90	50	medium	ground/mineral	25	-	cufant	460	copperajah-gmax
880	dracozolt	8	-1	45	50	slow	no-eggs	35	-	-	461	-
881	arctozolt	8	-1	45	50	slow	no-eggs	35	-	-	462	-
882	dracovish	8	-1	45	50	slow	no-eggs	35	-	-	463	-
883	arctovish	8	-1	45	50	slow	no-eggs	35	-	-	464	-
884	duraludon	8	4	45	50	medium	mineral/dragon	30	-	-	465	duraludon-gmax
885	dreepy	8	4	45	50	slow	indeterminate/dragon	40	-	-	466	-
886	drakloak	8	4	45	50	slow	indeterminate/dragon	40	-	dreepy	466	-
887	dragapult	8	4	45	50	slow	indeterminate/dragon	40	-	drakloak	466	-
888	zacian	8	-1	10	0	slow	no-eggs	120	lendario	-	467	zacian-crowned
889	zamazenta	8	-1	10	0	slow	no-eggs	120	lendario	-	468	zamazenta-crowned
890	eternatus	8	-1	255	0	slow	no-eggs	120	lendario	-	469	eternatus-eternamax
891	kubfu	8	1	3	50	slow	no-eggs	120	lendario	-	470	-
892	urshifu	8	1	3	50	slow	no-eggs	120	lendario	kubfu	470	urshifu-rapid-strike urshifu-single-strike-gmax urshifu-rapid-strike-gmax
893	zarude	8	-1	3	0	slow	no-eggs	120	mitico	-	471	zarude-dada
894	regieleki	8	-1	3	35	slow	no-eggs	120	lendario	-	472	-
895	regidrago	8	-1	3	35	slow	no-eggs	120	lendario	-	473	-
896	glastrier	8	-1	3	35	slow	no-eggs	120	lendario	-	474	-
897	spectrier	8	-1	3	35	slow	no-eggs	120	lendario	-	475	-
898	calyrex	8	-1	3	100	slow	no-eggs	120	lendario	-	476	calyrex-ice calyrex-shadow
899	wyrdeer	8	4	135	50	slow	ground	20	-	stantler	120	-
900	kleavor	8	4	115	50	medium	bug	20	-	scyther	58	-
901	ursaluna	8	4	75	50	medium	ground	20	-	ursaring	110	ursaluna-bloodmoon
902	basculegion	8	4	135	50	medium	water2	20	troca-forma dimorfismo	basculin	280	basculegion-female
903	sneasler	8	4	135	50	medium-slow	ground	20	-	sneasel	109	-
904	overqwil	8	4	135	50	medium	water2	20	-	qwilfish	106	-
905	enamorus	8	8	3	50	slow	no-eggs	20	lendario troca-forma	-	477	enamorus-therian
906	sprigatito	9	1	45	50	medium-slow	ground/plant	20	-	-	478	-
907	floragato	9	1	45	50	medium-slow	ground/plant	20	-	sprigatito	478	-
908	meowscarada	9	1	45	50	medium-slow	ground/plant	20	-	floragato	478	-
909	fuecoco	9	1	45	50	medium-slow	ground	20	-	-	479	-
910	crocalor	9	1	45	50	medium-slow	ground	20	-	fuecoco	479	-
911	skeledirge	9	1	45	50	medium-slow	ground	20	-	crocalor	479	-
912	quaxly	9	1	45	50	medium-slow	flying/water1	20	-	-	480	-
913	quaxwell	9	1	45	50	medium-slow	flying/water1	20	-	quaxly	480	-
914	quaquaval	9	1	45	50	medium-slow	flying/water1	20	-	quaxwell	480	-
915	lechonk	9	4	255	50	medium	ground	15	-	-	481	-
916	oinkologne	9	0	100	50	medium	ground	15	dimorfismo	lechonk	481	oinkologne-female
917	tarountula	9	4	255	50	slow-then-very-fast	bug	15	-	-	482	-
918	spidops	9	4	120	50	slow-then-very-fast	bug	15	-	tarountula	482	-
919	nymble	9	4	190	20	medium	bug	20	-	-	483	-
920	lokix	9	4	30	0	medium	bug	20	-	nymble	483	-
921	pawmi	9	4	190	50	medium	ground	15	-	-	484	-
922	pawmo	9	4	80	50	medium	ground	15	-	pawmi	484	-
923	pawmot	9	4	45	50	medium	ground	15	-	pawmo	484	-
924	tandemaus	9	-1	150	50	fast	ground/fairy	10	-	-	485	-
925	maushold	9	-1	75	50	fast	ground/fairy	10	-	tandemaus	485	maushold-family-of-three
926	fidough	9	4	190	50	medium-slow	ground/mineral	20	-	-	486	-
927	dachsbun	9	4	90	50	medium-slow	ground/mineral	20	-	fidough	486	-
928	smoliv	9	4	255	50	medium-slow	plant	20	-	-	487	-
929	dolliv	9	4	120	50	medium-slow	plant	20	-	smoliv	487	-
930	arboliva	9	4	45	50	medium-slow	plant	20	-	dolliv	487	-
931	squawkabilly	9	4	190	50	slow-then-very-fast	flying	15	-	-	488	squawkabilly-blue-plumage squawkabilly-yellow-plumage squawkabilly-white-plumage
932	nacli	9	4	255	50	medium-slow	mineral	20	-	-	489	-
933	naclstack	9	4	120	50	medium-slow	mineral	20	-	nacli	489	-
934	garganacl	9	4	45	50	medium-slow	mineral	20	-	naclstack	489	-
935	charcadet	9	4	90	50	slow	humanshape	35	-	-	490	-
936	armarouge	9	4	25	20	slow	humanshape	35	-	charcadet	490	-
937	ceruledge	9	4	25	20	slow	humanshape	35	-	charcadet	490	-
938	tadbulb	9	4	190	50	medium	water1	20	-	-	491	-
939	bellibolt	9	4	50	50	medium	water1	20	-	tadbulb	491	-
940	wattrel	9	4	180	50	medium-slow	water1/flying	20	-	-	492	-
941	kilowattrel	9	4	90	50	medium-slow	water1/flying	20	-	wattrel	492	-
942	maschiff	9	4	150	50	medium-slow	ground	20	-	-	493	-
943	mabosstiff	9	4	75	50	medium-slow	ground	20	-	maschiff	493	-
944	shroodle	9	4	190	50	medium-slow	ground	20	-	-	494	-
945	grafaiai	9	4	90	50	medium-slow	ground	20	-	shroodle	494	-
946	bramblin	9	4	190	50	medium	plant	20	-	-	495	-
947	brambleghast	9	4	45	50	medium	plant	20	-	bramblin	495	-
948	toedscool	9	4	190	50	medium-slow	plant	20	-	-	496	-
949	toedscruel	9	4	90	50	medium-slow	plant	20	-	toedscool	496	-
950	klawf	9	4	120	50	medium	water3	35	-	-	497	-
951	capsakid	9	4	190	50	medium	plant	20	-	-	498	-
952	scovillain	9	4	75	50	medium	plant	20	-	capsakid	498	scovillain-mega
953	rellor	9	4	190	50	fast	bug	20	-	-	499	-
954	rabsca	9	4	45	50	fast	bug	20	-	rellor	499	-
955	flittle	9	4	120	50	medium-slow	flying	20	-	-	500	-
956	espathra	9	4	60	50	medium-slow	flying	20	-	flittle	500	-
957	tinkatink	9	8	190	50	medium-slow	fairy	20	-	-	501	-
958	tinkatuff	9	8	90	50	medium-slow	fairy	20	-	tinkatink	501	-
959	tinkaton	9	8	45	50	medium-slow	fairy	20	-	tinkatuff	501	-
960	wiglett	9	4	255	50	medium	water3	20	-	-	502	-
961	wugtrio	9	4	50	50	medium	water3	20	-	wiglett	502	-
962	bombirdier	9	4	25	50	slow	flying	35	-	-	503	-
963	finizen	9	4	200	50	slow	ground/water2	40	-	-	504	-
964	palafin	9	4	45	50	slow	ground/water2	40	-	finizen	504	palafin-hero
965	varoom	9	4	190	50	medium	mineral	20	-	-	505	-
966	revavroom	9	4	75	50	medium	mineral	20	-	varoom	505	-
967	cyclizar	9	4	190	50	medium-slow	ground	30	-	-	506	-
968	orthworm	9	4	25	50	slow	ground	35	-	-	507	-
969	glimmet	9	4	70	50	medium-slow	mineral	30	-	-	508	-
970	glimmora	9	4	25	50	medium-slow	mineral	30	-	glimmet	508	glimmora-mega
971	greavard	9	4	120	50	medium-slow	ground	20	-	-	509	-
972	houndstone	9	4	60	50	medium-slow	ground	20	-	greavard	509	-
973	flamigo	9	4	100	50	medium-slow	flying	20	-	-	510	-
974	cetoddle	9	4	150	50	medium-slow	ground	25	-	-	511	-
975	cetitan	9	4	50	50	medium-slow	ground	25	-	cetoddle	511	-
976	veluza	9	4	100	50	fast	water2	20	-	-	512	-
977	dondozo	9	4	25	50	slow	water2	40	-	-	513	-
978	tatsugiri	9	4	100	50	medium-slow	water2	35	-	-	514	tatsugiri-droopy tatsugiri-stretchy tatsugiri-curly-mega tatsugiri-droopy-mega tatsugiri-stretchy-mega
979	annihilape	9	4	45	50	medium	ground	20	-	primeape	24	-
980	clodsire	9	4	90	50	medium	water1/ground	20	-	wooper	96	-
981	farigiraf	9	4	45	50	medium	ground	20	-	girafarig	101	-
982	dudunsparce	9	4	45	50	medium	ground	20	-	dunsparce	103	dudunsparce-three-segment
983	kingambit	9	4	25	50	medium	humanshape	20	-	bisharp	317	-
984	great-tusk	9	-1	30	0	slow	no-eggs	50	-	-	515	-
985	scream-tail	9	-1	50	0	slow	no-eggs	50	-	-	516	-
986	brute-bonnet	9	-1	50	0	slow	no-eggs	50	-	-	517	-
987	flutter-mane	9	-1	30	0	slow	no-eggs	50	-	-	518	-
988	slither-wing	9	-1	30	0	slow	no-eggs	50	-	-	519	-
989	sandy-shocks	9	-1	30	0	slow	no-eggs	50	-	-	520	-
990	iron-treads	9	-1	30	0	slow	no-eggs	50	-	-	521	-
991	iron-bundle	9	-1	50	0	slow	no-eggs	50	-	-	522	-
992	iron-hands	9	-1	50	0	slow	no-eggs	50	-	-	523	-
993	iron-jugulis	9	-1	30	0	slow	no-eggs	50	-	-	524	-
994	iron-moth	9	-1	30	0	slow	no-eggs	50	-	-	525	-
995	iron-thorns	9	-1	30	0	slow	no-eggs	50	-	-	526	-
996	frigibax	9	4	45	50	slow	dragon/mineral	40	-	-	527	-
997	arctibax	9	4	25	50	slow	dragon/mineral	40	-	frigibax	527	-
998	baxcalibur	9	4	10	50	slow	dragon/mineral	40	-	arctibax	527	baxcalibur-mega
999	gimmighoul	9	-1	45	50	slow	no-eggs	50	-	-	528	gimmighoul-roaming
1000	gholdengo	9	-1	45	50	slow	no-eggs	50	-	gimmighoul	528	-
1001	wo-chien	9	-1	6	0	slow	no-eggs	50	lendario	-	529	-
1002	chien-pao	9	-1	6	0	slow	no-eggs	50	lendario	-	530	-
1003	ting-lu	9	-1	6	0	slow	no-eggs	50	lendario	-	531	-
1004	chi-yu	9	-1	6	0	slow	no-eggs	50	lendario	-	532	-
1005	roaring-moon	9	-1	10	0	slow	no-eggs	50	-	-	533	-
1006	iron-valiant	9	-1	10	0	slow	no-eggs	50	-	-	534	-
1007	koraidon	9	-1	3	0	slow	no-eggs	50	lendario	-	535	koraidon-limited-build koraidon-sprinting-build koraidon-swimming-build koraidon-gliding-build
1008	miraidon	9	-1	3	0	slow	no-eggs	50	lendario	-	536	miraidon-low-power-mode miraidon-drive-mode miraidon-aquatic-mode miraidon-glide-mode
1009	walking-wake	9	-1	5	0	slow	no-eggs	50	-	-	537	-
1010	iron-leaves	9	-1	5	0	slow	no-eggs	50	-	-	538	-
1011	dipplin	9	4	45	50	slow	plant/dragon	20	-	applin	442	-
1012	poltchageist	9	-1	120	50	slow	mineral/indeterminate	50	-	-	539	-
1013	sinistcha	9	-1	60	50	slow	mineral/indeterminate	50	-	poltchageist	539	-
1014	okidogi	9	0	3	0	slow	no-eggs	50	lendario	-	540	-
1015	munkidori	9	0	3	0	slow	no-eggs	50	lendario	-	541	-
1016	fezandipiti	9	0	3	0	slow	no-eggs	50	lendario	-	542	-
1017	ogerpon	9	8	5	50	slow	no-eggs	50	lendario	-	543	ogerpon-wellspring-mask ogerpon-hearthflame-mask ogerpon-cornerstone-mask
1018	archaludon	9	4	10	50	medium	mineral/dragon	30	-	duraludon	465	-
1019	hydrapple	9	4	10	50	slow-then-very-fast	plant/dragon	20	-	dipplin	442	-
1020	gouging-fire	9	-1	10	0	slow	no-eggs	50	-	-	544	-
1021	raging-bolt	9	-1	10	0	slow	no-eggs	50	-	-	545	-
1022	iron-boulder	9	-1	10	0	slow	no-eggs	50	-	-	547	-
1023	iron-crown	9	-1	10	0	slow	no-eggs	50	-	-	546	-
1024	terapagos	9	4	255	50	slow	no-eggs	5	lendario	-	548	terapagos-terastal terapagos-stellar
1025	pecharunt	9	-1	3	0	slow	no-eggs	20	mitico	-	549	-
